Time Stamp,Trial Number
63596.029308008,['0']
63601.044070606,['0']
63606.615406952,['1']
63611.623309935,['1']
63618.493537585,['2']
63623.50699016,['2']
67138.787742219,['0']
67143.802056054,['0']
67148.947641385,['1']
67153.959075691,['1']
67160.589421039,['2']
67165.602062413,['2']
67171.931631555,['3']
67176.939799557,['3']
67182.178039321,['4']
67187.198411906,['4']
